total,경제민주화,교통건축국토,기타,농산어촌,문화예술체육언론,미래,반려동물,보건복지,성장동력,안전환경,외교통일국방,육아교육,인권성평등,일자리,저출산고령화대책,정치개혁,행정
공의롭,구현,공평,구현,평등,실현,징악,역행,공정,배열,구현,롭다,주창,구현,법앞,공정,롭다,근간
롭지못,법앞,구현,실혐될,기강,구현,아난다,범법,민주주의,존중,기강,공정,평등,롭다,롭다,화합,로움,롭다
공명정대,평등,롭다,롭다,청탁,계헤,권선,친화력,입각,무방,법치,청렴,공정,준엄,정의롭,칭찬,구현,구현
공서,민주화,정의도,법치,약자,불의,체조,전문가,다수결,공감,준엄,균등,진리,첩경,용단,법도,롭지못,법치
실혐될,실현,표방,법질서,인권,평등,길임,발달,초석,이념,의글,표현의자유,숙의,공명정대,평등,분노,공정사회,반칙
공정,반칙,평등,실현,응원,정의롭,이타,도고,바름,공평,지엄,중책,구현,실현,공평,진정,정의도,공정사회
정의롭,경제민주화,법치국가,준엄,현명,깨끗,법위,방해,우위,질서,법치국가,민주주의,백과사전,헬조선,구현,시각,공정,실현
무너뜨렸다,구호,반칙,민주주의,공감,롭다,악습,침,다복,신념,악인,평등,정치가,정의도,공정,여론,법치,환골탈태
참되고,사회인,정녕,박애,존엄,희희낙락,군림,탁상,회연,법치,수호,체성,승리,정의롭,법치국가,슬로건,루니,한국판
인과응보,성숙,기강,정의롭,격려,어쨌든,법치,상대,공평,믿음,법앞,거늘,기회균등,뒤엎는,민주주의,대한항공,스나이퍼,자유민주
정의도,바르게,법앞,만물,기본권,건데,벌떡,반발,순리,관행,바르게,공평,존엄,무질서,롭습,진지,공명정대,규범
양속,공정,입각,강자,탄생,공정사회,롭다,수렴,정반대,권위,조계,구현,승복,저울,존엄,존속,모토,복지국가
롭자,은공,다수결,강남좌파,여론,계해,천민,모방,부조리,옹호,공직,숙의,슬로건,깨끗,공정사회,실현,목마름,숙명
징악,관념,실현,불의,노고,로움,준엄,해석,이념,단어,민주주의,소수자,민주공화국,기틀,숭고,어져,무너뜨렸다,민주주의
법치,행복추구,진리,현주소,라면,공정,공정,도태,민주공화국,견해,평등,자유민주,준엄,냉정,균등,응원,롭기,정의롭
구현,첫걸음,풍토,인과응보,주권,타협,지름길,주관,성숙,롭다,법체계,삼권분립,비핵화,양속,유익,이바지,애처,공정
무너뜨렸,풍토,구태,실천,소통,법치국가,신미,인성,어긋,최신,법질서,법치국가,주적,풍토,로움,완벽,저울,비로소
뒤엎는,기강,공정,정정당당,진정,단죄,불탓던,포괄,개법,불신,후퇴,다수결,지혜,공서,통찰,계기,돈앞,표방
롭습,법치,포용,출발점,간청,민주주의,파멸,냉정,재삼,자유시장경제,부조리,뭉개,수호,응징,살맛,잠재,인간성,지방자치제도
공정사회,법질서,첫걸음,슬기,진실,기인,굴복,대안,사회주의,정당,숙의,법위,출발점,경종,로우,비판,자축,이바지
롭다던,인민,공정사회,국민주권,소망,울,밑거름,조장,퇴색,통찰,다수결,문민통제,자유민주,자고로,형평,방향성,환골탈태,포용
법언,로움,지향,공정사회,방지법,진리,헬조선,침해,품격,부정,개떡,배신자,밑바탕,반칙,울,창의력,아량,위상
께끗,실천,준엄,선봉,민주주의,중시,생가,다양성,불변,타파,적페,다양성,공헌,초석,어낸,파괴,슬기,서고
짓뭉개,국어사전,성문법,밑바탕,요약,진실성,가책,나치,냉혹,균점,일사부재리,법앞,공산당,반듯이,한세상,정형,여신,부강
특감하,롭다,꼴입,부끄럼,과제,법치,지극,주체,사악,배려,응징,통용,평화,공생,진리,후세,얼마만큼,숙의
천칭,주창,통념,책무,두서,배반,동방예의지국,과거,인도주의,논쟁,타락,자주성,로움,결말,공명정대,불신,공의롭,단결
실현,기독교도,괴리된,공명정대,반품,순응,법치국가,부정,공정사회,명예,슬기,법보,공정사회,바르게,공허,멘탈,위엄,만듭시
국민국가,욕망,민주주의,갈망,박원순,중요시,무었,공정,국격,추구,민주공화국,그름,국제사회,앞서서,남북통일,호칭,정의롭,순조
의페셰,대마불사,조세,진리,국정,스포츠맨,진리,자율,분단국가,보신,존립,슬로건,삶속,공정,각인,혼혈,좌천,법치국가
강부약,만인,구호,출세,목소리,만인,게임기,자유권,공화국,오해,공정,자유통일,자주성,의법,결실,공감,몰각,보되
디케,롭,응분,위엄,라며,처단,문란,반영,구현,철학,포용,정교분리,란것,단언,다시금,단란,특감하,공명정대
법답,존엄성,이나라,공명,도무지,대수,사이비종교,다소,결실,개념,경종,수식어,반공,로움,첫걸음,애국,명재,존립
깨끝,위상,청렴,만능,해하,정론,신천지교,괴리,자유시장경제,존속,입법부,무환,주야장천,냉철,관습,공동체,선민의식,바름
무너뜨렸습니,위아래,특권,유토피아,드림,가바,기해,국제,법치,간섭,풍토,국민개병,주권,인과응보,승복,위상,롭,깨끗
정교분리,장애물,명맥,국어사전,교과서,민주공화국,허망,보편,법앞,표현,심판,슬기,반증,후세,법치,추구,좌고,법체계
오묘,어낸,촞불,열망,자존심,뉘,약자,소급,천륜,창의성,온당,법치,인민,과연,민주공화국,불공정,이상향,모토로
계헤,파수,주의자,반한,진심,일말,고귀,제하,되새,학적,정치가,불소,슬기,철퇴,유토피아,잡종,바름,아닐런지
롭기,몸소,낙오,망동,한가지,환원,온정,진입,수호,물음,사욕,숙명,치실,기필코,위대,기원,구연,갈망
피타고라스,초석,복지국가,공평,주셧으,투철,성립,기본권,기회균등,조화,이사회,수성,송두리째,공의롭,향유,반감,아름,곡해
자본주,굴복,행정행위,공정,성실,준엄,일소,측면,법보,풍토,첫걸음,박애,우민,주권국가,섭리,초석,호자,풍토
훼절,반듯이,한나라,면모,수석,그름,롭다던,주요,국방의무,의심,형용,적입,법치,순리,평등권,경종,다운,자본주의
홉스,국민주권,자유시장경제,타파,법안,정녕,부메랑,정치,과반수,법칙,확립,성숙,국민국가,보루,의페셰,만드,환골탈퇴,경제민주화
엮었다,었는,그름,도리이,기바,정면,무상관,과학,다운,텍스트,통념,이링크,홍익인간,바름,절호,지도자,께끗,입각
법잣,엄단하,바랬,반합,라보,올바로,다압니,대중,열망,셩격,국격,잘잘못,해답,구태,시어,유익,나위,단죄
루니,표방,삶림,망각,바램,저항,멸종,설문조사,발돋움,현명,겸허,나태,위대,제문,어졌으,호소,승복,초석
법치행정,정의도,불소,온정,결단,지수,위계,특별,주적,다양성,롭다,승화,민주주의,염원,피어,썩,법치국가,기틀
평등,람사,형평,단면,적패,무었,악인,정당,주역,적수,행복한나라,흥정,오점,자유민주,경제민주화,윈윈,개과천선,호봉획
목마름,초심,도덕성,근간,절박,풍요,정형식,핵가족,적개심,성의,극형,진정,영위,형평,참다운,깨,상대성,준엄
민주주의,한길,신의성실,돈앞,시일,무신경,용납,개개인,객관성,망각,인간성,기틀,실낱,법복,사해,실감,내팽겨친,걸음
바름,성취,응능,맹세,역사,응징,법앞,이미지,법치국가,느낌,도덕성,저항권,법치국가,무릇,하느님,제재,올바로,법집
